-- Add comprehensive city population data for dynamic pricing
-- Includes: All Canadian cities from listings + nearby towns + 200+ US cities

-- =====================================================
-- CANADIAN CITIES - Ontario (from listings + clusters)
-- =====================================================
INSERT INTO city_populations (city_name, state_province, state_province_code, country, country_code, population) VALUES
-- Greater Toronto Area
('Mississauga', 'Ontario', 'ON', 'Canada', 'CA', 717961),
('Brampton', 'Ontario', 'ON', 'Canada', 'CA', 656480),
('Markham', 'Ontario', 'ON', 'Canada', 'CA', 338503),
('Vaughan', 'Ontario', 'ON', 'Canada', 'CA', 323103),
('Richmond Hill', 'Ontario', 'ON', 'Canada', 'CA', 202022),
('Oakville', 'Ontario', 'ON', 'Canada', 'CA', 213759),
('Burlington', 'Ontario', 'ON', 'Canada', 'CA', 186948),
('Ajax', 'Ontario', 'ON', 'Canada', 'CA', 126666),
('Whitby', 'Ontario', 'ON', 'Canada', 'CA', 138501),
('Oshawa', 'Ontario', 'ON', 'Canada', 'CA', 175383),
('Pickering', 'Ontario', 'ON', 'Canada', 'CA', 99186),
('Newmarket', 'Ontario', 'ON', 'Canada', 'CA', 87942),
('Aurora', 'Ontario', 'ON', 'Canada', 'CA', 62057),
('Scarborough', 'Ontario', 'ON', 'Canada', 'CA', 632098),
('North York', 'Ontario', 'ON', 'Canada', 'CA', 672955),
('Etobicoke', 'Ontario', 'ON', 'Canada', 'CA', 365143),
('York', 'Ontario', 'ON', 'Canada', 'CA', 164068),
('East York', 'Ontario', 'ON', 'Canada', 'CA', 118071),
('King City', 'Ontario', 'ON', 'Canada', 'CA', 27333),
('Caledon', 'Ontario', 'ON', 'Canada', 'CA', 76581),
-- Windsor-Essex Region (from listings)
('Amherstburg', 'Ontario', 'ON', 'Canada', 'CA', 23544),
('Essex', 'Ontario', 'ON', 'Canada', 'CA', 21216),
('Kingsville', 'Ontario', 'ON', 'Canada', 'CA', 22228),
('Lakeshore', 'Ontario', 'ON', 'Canada', 'CA', 40019),
('Lasalle', 'Ontario', 'ON', 'Canada', 'CA', 32721),
('Leamington', 'Ontario', 'ON', 'Canada', 'CA', 29714),
('Tecumseh', 'Ontario', 'ON', 'Canada', 'CA', 24763),
('Belle River', 'Ontario', 'ON', 'Canada', 'CA', 8500),
('Wheatley', 'Ontario', 'ON', 'Canada', 'CA', 2978),
('Harrow', 'Ontario', 'ON', 'Canada', 'CA', 3245),
('Cottam', 'Ontario', 'ON', 'Canada', 'CA', 1500),
('Tilbury', 'Ontario', 'ON', 'Canada', 'CA', 4773),
-- Chatham-Kent
('Chatham-Kent', 'Ontario', 'ON', 'Canada', 'CA', 104316),
-- Hamilton Region
('Stoney Creek', 'Ontario', 'ON', 'Canada', 'CA', 73000),
('Dundas', 'Ontario', 'ON', 'Canada', 'CA', 26500),
('Ancaster', 'Ontario', 'ON', 'Canada', 'CA', 40000),
('Waterdown', 'Ontario', 'ON', 'Canada', 'CA', 19500),
('Flamborough', 'Ontario', 'ON', 'Canada', 'CA', 47000),
('Glanbrook', 'Ontario', 'ON', 'Canada', 'CA', 30000),
-- Niagara Region
('St. Catharines', 'Ontario', 'ON', 'Canada', 'CA', 136803),
('Niagara Falls', 'Ontario', 'ON', 'Canada', 'CA', 94415),
('Welland', 'Ontario', 'ON', 'Canada', 'CA', 55750),
('Grimsby', 'Ontario', 'ON', 'Canada', 'CA', 28883),
('Beamsville', 'Ontario', 'ON', 'Canada', 'CA', 13000),
('Thorold', 'Ontario', 'ON', 'Canada', 'CA', 23000),
('Pelham', 'Ontario', 'ON', 'Canada', 'CA', 18000),
('Lincoln', 'Ontario', 'ON', 'Canada', 'CA', 25000),
('West Lincoln', 'Ontario', 'ON', 'Canada', 'CA', 15000),
-- Waterloo Region
('Cambridge', 'Ontario', 'ON', 'Canada', 'CA', 138479),
('Guelph', 'Ontario', 'ON', 'Canada', 'CA', 143740),
('Elmira', 'Ontario', 'ON', 'Canada', 'CA', 12430),
('New Hamburg', 'Ontario', 'ON', 'Canada', 'CA', 8500),
('Ayr', 'Ontario', 'ON', 'Canada', 'CA', 5200),
('Preston', 'Ontario', 'ON', 'Canada', 'CA', 28000),
('Hespeler', 'Ontario', 'ON', 'Canada', 'CA', 15000),
('Breslau', 'Ontario', 'ON', 'Canada', 'CA', 5000),
('St. Jacobs', 'Ontario', 'ON', 'Canada', 'CA', 2000),
('Conestogo', 'Ontario', 'ON', 'Canada', 'CA', 1200),
('Woolwich', 'Ontario', 'ON', 'Canada', 'CA', 25000),
('Wellesley', 'Ontario', 'ON', 'Canada', 'CA', 11000),
('North Dumfries', 'Ontario', 'ON', 'Canada', 'CA', 10500),
('Puslinch', 'Ontario', 'ON', 'Canada', 'CA', 7500),
-- London Region
('Sarnia', 'Ontario', 'ON', 'Canada', 'CA', 72047),
('St. Thomas', 'Ontario', 'ON', 'Canada', 'CA', 42670),
('Strathroy', 'Ontario', 'ON', 'Canada', 'CA', 15000),
('Woodstock', 'Ontario', 'ON', 'Canada', 'CA', 46705),
('Ingersoll', 'Ontario', 'ON', 'Canada', 'CA', 13500),
('Tillsonburg', 'Ontario', 'ON', 'Canada', 'CA', 18000),
('Aylmer', 'Ontario', 'ON', 'Canada', 'CA', 7500),
('Petrolia', 'Ontario', 'ON', 'Canada', 'CA', 5900),
('Corunna', 'Ontario', 'ON', 'Canada', 'CA', 5000),
('Lambton Shores', 'Ontario', 'ON', 'Canada', 'CA', 11500),
('Middlesex Centre', 'Ontario', 'ON', 'Canada', 'CA', 17000),
('Thames Centre', 'Ontario', 'ON', 'Canada', 'CA', 13500),
-- Other Ontario Cities
('Barrie', 'Ontario', 'ON', 'Canada', 'CA', 147829),
('Brantford', 'Ontario', 'ON', 'Canada', 'CA', 104688),
('Peterborough', 'Ontario', 'ON', 'Canada', 'CA', 83651),
('Kingston', 'Ontario', 'ON', 'Canada', 'CA', 132485),
('Belleville', 'Ontario', 'ON', 'Canada', 'CA', 55071),
('Thunder Bay', 'Ontario', 'ON', 'Canada', 'CA', 110172),
('Sudbury', 'Ontario', 'ON', 'Canada', 'CA', 166004),
('Sault Ste. Marie', 'Ontario', 'ON', 'Canada', 'CA', 72051),
('North Bay', 'Ontario', 'ON', 'Canada', 'CA', 52662),
('Timmins', 'Ontario', 'ON', 'Canada', 'CA', 41788),
('Cornwall', 'Ontario', 'ON', 'Canada', 'CA', 47000),
('Orillia', 'Ontario', 'ON', 'Canada', 'CA', 33000),
('Owen Sound', 'Ontario', 'ON', 'Canada', 'CA', 21341),
('Midland', 'Ontario', 'ON', 'Canada', 'CA', 17000),
('Collingwood', 'Ontario', 'ON', 'Canada', 'CA', 24000),
('Orangeville', 'Ontario', 'ON', 'Canada', 'CA', 30000),
('Milton', 'Ontario', 'ON', 'Canada', 'CA', 132979),
('Halton Hills', 'Ontario', 'ON', 'Canada', 'CA', 68000),
('Georgetown', 'Ontario', 'ON', 'Canada', 'CA', 45000),
-- Ottawa Region
('Kanata', 'Ontario', 'ON', 'Canada', 'CA', 130000),
('Nepean', 'Ontario', 'ON', 'Canada', 'CA', 140000),
('Orleans', 'Ontario', 'ON', 'Canada', 'CA', 120000),
('Barrhaven', 'Ontario', 'ON', 'Canada', 'CA', 100000),
('Gloucester', 'Ontario', 'ON', 'Canada', 'CA', 130000),
('Cumberland', 'Ontario', 'ON', 'Canada', 'CA', 50000),
('Rockland', 'Ontario', 'ON', 'Canada', 'CA', 12000),
('Hawkesbury', 'Ontario', 'ON', 'Canada', 'CA', 10500),
('Pembroke', 'Ontario', 'ON', 'Canada', 'CA', 14500),
('Arnprior', 'Ontario', 'ON', 'Canada', 'CA', 9000),
('Carleton Place', 'Ontario', 'ON', 'Canada', 'CA', 12000),
('Smiths Falls', 'Ontario', 'ON', 'Canada', 'CA', 9000),
-- Quebec nearby Ottawa
('Gatineau', 'Quebec', 'QC', 'Canada', 'CA', 291000),

-- =====================================================
-- CANADIAN CITIES - Other Provinces (from clusters)
-- =====================================================
-- Alberta
('Airdrie', 'Alberta', 'AB', 'Canada', 'CA', 73580),
('Cochrane', 'Alberta', 'AB', 'Canada', 'CA', 32200),
('Okotoks', 'Alberta', 'AB', 'Canada', 'CA', 30400),
('Chestermere', 'Alberta', 'AB', 'Canada', 'CA', 23000),
('Strathmore', 'Alberta', 'AB', 'Canada', 'CA', 14300),
('Canmore', 'Alberta', 'AB', 'Canada', 'CA', 15990),
('Banff', 'Alberta', 'AB', 'Canada', 'CA', 8305),
('High River', 'Alberta', 'AB', 'Canada', 'CA', 14500),
('Didsbury', 'Alberta', 'AB', 'Canada', 'CA', 5300),
('Crossfield', 'Alberta', 'AB', 'Canada', 'CA', 3500),
('St. Albert', 'Alberta', 'AB', 'Canada', 'CA', 71700),
('Sherwood Park', 'Alberta', 'AB', 'Canada', 'CA', 82700),
('Spruce Grove', 'Alberta', 'AB', 'Canada', 'CA', 38000),
('Stony Plain', 'Alberta', 'AB', 'Canada', 'CA', 18500),
('Leduc', 'Alberta', 'AB', 'Canada', 'CA', 34000),
('Beaumont', 'Alberta', 'AB', 'Canada', 'CA', 21000),
('Fort Saskatchewan', 'Alberta', 'AB', 'Canada', 'CA', 27000),
('Devon', 'Alberta', 'AB', 'Canada', 'CA', 6800),
('Morinville', 'Alberta', 'AB', 'Canada', 'CA', 10500),
('Red Deer', 'Alberta', 'AB', 'Canada', 'CA', 100844),
('Lethbridge', 'Alberta', 'AB', 'Canada', 'CA', 101482),
('Medicine Hat', 'Alberta', 'AB', 'Canada', 'CA', 63260),
('Grande Prairie', 'Alberta', 'AB', 'Canada', 'CA', 69088),
('Fort McMurray', 'Alberta', 'AB', 'Canada', 'CA', 68000),
-- British Columbia
('Burnaby', 'British Columbia', 'BC', 'Canada', 'CA', 249197),
('Richmond', 'British Columbia', 'BC', 'Canada', 'CA', 209937),
('Surrey', 'British Columbia', 'BC', 'Canada', 'CA', 568322),
('Coquitlam', 'British Columbia', 'BC', 'Canada', 'CA', 148625),
('Langley', 'British Columbia', 'BC', 'Canada', 'CA', 132603),
('Delta', 'British Columbia', 'BC', 'Canada', 'CA', 108455),
('New Westminster', 'British Columbia', 'BC', 'Canada', 'CA', 78916),
('North Vancouver', 'British Columbia', 'BC', 'Canada', 'CA', 58120),
('West Vancouver', 'British Columbia', 'BC', 'Canada', 'CA', 44122),
('Port Moody', 'British Columbia', 'BC', 'Canada', 'CA', 33551),
('White Rock', 'British Columbia', 'BC', 'Canada', 'CA', 21939),
('Maple Ridge', 'British Columbia', 'BC', 'Canada', 'CA', 90990),
('Pitt Meadows', 'British Columbia', 'BC', 'Canada', 'CA', 19146),
('Port Coquitlam', 'British Columbia', 'BC', 'Canada', 'CA', 61498),
('Abbotsford', 'British Columbia', 'BC', 'Canada', 'CA', 153524),
('Chilliwack', 'British Columbia', 'BC', 'Canada', 'CA', 93203),
('Kelowna', 'British Columbia', 'BC', 'Canada', 'CA', 144576),
('Kamloops', 'British Columbia', 'BC', 'Canada', 'CA', 97902),
('Nanaimo', 'British Columbia', 'BC', 'Canada', 'CA', 99863),
('Prince George', 'British Columbia', 'BC', 'Canada', 'CA', 76708),
('Vernon', 'British Columbia', 'BC', 'Canada', 'CA', 44600),
('Penticton', 'British Columbia', 'BC', 'Canada', 'CA', 37039),
('Courtenay', 'British Columbia', 'BC', 'Canada', 'CA', 28420),
-- Victoria area
('Saanich', 'British Columbia', 'BC', 'Canada', 'CA', 117735),
('Esquimalt', 'British Columbia', 'BC', 'Canada', 'CA', 17655),
('Oak Bay', 'British Columbia', 'BC', 'Canada', 'CA', 18094),
('Sidney', 'British Columbia', 'BC', 'Canada', 'CA', 12045),
('Central Saanich', 'British Columbia', 'BC', 'Canada', 'CA', 17385),
('North Saanich', 'British Columbia', 'BC', 'Canada', 'CA', 11249),
('Colwood', 'British Columbia', 'BC', 'Canada', 'CA', 18961),
('Langford', 'British Columbia', 'BC', 'Canada', 'CA', 46584),
('View Royal', 'British Columbia', 'BC', 'Canada', 'CA', 11575),
('Sooke', 'British Columbia', 'BC', 'Canada', 'CA', 15086),
-- Quebec
('Laval', 'Quebec', 'QC', 'Canada', 'CA', 438366),
('Longueuil', 'Quebec', 'QC', 'Canada', 'CA', 249277),
('Brossard', 'Quebec', 'QC', 'Canada', 'CA', 89116),
('Saint-Jean-sur-Richelieu', 'Quebec', 'QC', 'Canada', 'CA', 98036),
('Saint-Jerome', 'Quebec', 'QC', 'Canada', 'CA', 80336),
('Repentigny', 'Quebec', 'QC', 'Canada', 'CA', 86000),
('Dollard-des-Ormeaux', 'Quebec', 'QC', 'Canada', 'CA', 49637),
('Pointe-Claire', 'Quebec', 'QC', 'Canada', 'CA', 32051),
('Kirkland', 'Quebec', 'QC', 'Canada', 'CA', 21253),
('Beaconsfield', 'Quebec', 'QC', 'Canada', 'CA', 19505),
('Terrebonne', 'Quebec', 'QC', 'Canada', 'CA', 119000),
('Blainville', 'Quebec', 'QC', 'Canada', 'CA', 61000),
('Sherbrooke', 'Quebec', 'QC', 'Canada', 'CA', 168000),
('Trois-Rivieres', 'Quebec', 'QC', 'Canada', 'CA', 140000),
('Saguenay', 'Quebec', 'QC', 'Canada', 'CA', 146000),
('Levis', 'Quebec', 'QC', 'Canada', 'CA', 148000),
('Sainte-Foy', 'Quebec', 'QC', 'Canada', 'CA', 105000),
('Charlesbourg', 'Quebec', 'QC', 'Canada', 'CA', 82000),
('Beauport', 'Quebec', 'QC', 'Canada', 'CA', 80000),
-- Manitoba
('Selkirk', 'Manitoba', 'MB', 'Canada', 'CA', 10504),
('Steinbach', 'Manitoba', 'MB', 'Canada', 'CA', 17806),
('Winkler', 'Manitoba', 'MB', 'Canada', 'CA', 14000),
('Morden', 'Manitoba', 'MB', 'Canada', 'CA', 10000),
('Portage la Prairie', 'Manitoba', 'MB', 'Canada', 'CA', 13300),
('Brandon', 'Manitoba', 'MB', 'Canada', 'CA', 51313),
('Thompson', 'Manitoba', 'MB', 'Canada', 'CA', 13678),
-- Nova Scotia
('Dartmouth', 'Nova Scotia', 'NS', 'Canada', 'CA', 92000),
('Bedford', 'Nova Scotia', 'NS', 'Canada', 'CA', 35000),
('Sackville', 'Nova Scotia', 'NS', 'Canada', 'CA', 35000),
('Cole Harbour', 'Nova Scotia', 'NS', 'Canada', 'CA', 25000),
('Sydney', 'Nova Scotia', 'NS', 'Canada', 'CA', 29904),
('Truro', 'Nova Scotia', 'NS', 'Canada', 'CA', 12595),
('New Glasgow', 'Nova Scotia', 'NS', 'Canada', 'CA', 9075),
-- Saskatchewan
('Martensville', 'Saskatchewan', 'SK', 'Canada', 'CA', 11000),
('Warman', 'Saskatchewan', 'SK', 'Canada', 'CA', 12500),
('Prince Albert', 'Saskatchewan', 'SK', 'Canada', 'CA', 37756),
('Moose Jaw', 'Saskatchewan', 'SK', 'Canada', 'CA', 34421),
('Swift Current', 'Saskatchewan', 'SK', 'Canada', 'CA', 17000),
('Yorkton', 'Saskatchewan', 'SK', 'Canada', 'CA', 16343),
-- Newfoundland
('Mount Pearl', 'Newfoundland and Labrador', 'NL', 'Canada', 'CA', 22957),
('Paradise', 'Newfoundland and Labrador', 'NL', 'Canada', 'CA', 22500),
('Conception Bay South', 'Newfoundland and Labrador', 'NL', 'Canada', 'CA', 27000),
('Corner Brook', 'Newfoundland and Labrador', 'NL', 'Canada', 'CA', 19806),
-- New Brunswick
('Moncton', 'New Brunswick', 'NB', 'Canada', 'CA', 79470),
('Saint John', 'New Brunswick', 'NB', 'Canada', 'CA', 69895),
('Fredericton', 'New Brunswick', 'NB', 'Canada', 'CA', 63116),
-- PEI
('Charlottetown', 'Prince Edward Island', 'PE', 'Canada', 'CA', 38809)

ON CONFLICT (city_name, state_province_code, country_code) DO UPDATE SET
  population = EXCLUDED.population,
  updated_at = NOW();

-- =====================================================
-- US CITIES - Comprehensive (200+ cities)
-- =====================================================
INSERT INTO city_populations (city_name, state_province, state_province_code, country, country_code, population) VALUES
-- Major Metros (1M+)
('New York', 'New York', 'NY', 'United States', 'US', 8336817),
('Los Angeles', 'California', 'CA', 'United States', 'US', 3979576),
('Chicago', 'Illinois', 'IL', 'United States', 'US', 2746388),
('Houston', 'Texas', 'TX', 'United States', 'US', 2304580),
('Phoenix', 'Arizona', 'AZ', 'United States', 'US', 1608139),
('Philadelphia', 'Pennsylvania', 'PA', 'United States', 'US', 1576251),
('San Antonio', 'Texas', 'TX', 'United States', 'US', 1434625),
('San Diego', 'California', 'CA', 'United States', 'US', 1386932),
('Dallas', 'Texas', 'TX', 'United States', 'US', 1304379),
('San Jose', 'California', 'CA', 'United States', 'US', 1013240),
-- Large Cities (500k-1M)
('Austin', 'Texas', 'TX', 'United States', 'US', 978908),
('Jacksonville', 'Florida', 'FL', 'United States', 'US', 949611),
('Fort Worth', 'Texas', 'TX', 'United States', 'US', 918915),
('Columbus', 'Ohio', 'OH', 'United States', 'US', 905748),
('Charlotte', 'North Carolina', 'NC', 'United States', 'US', 874579),
('San Francisco', 'California', 'CA', 'United States', 'US', 873965),
('Indianapolis', 'Indiana', 'IN', 'United States', 'US', 867125),
('Seattle', 'Washington', 'WA', 'United States', 'US', 749256),
('Denver', 'Colorado', 'CO', 'United States', 'US', 715522),
('Nashville', 'Tennessee', 'TN', 'United States', 'US', 715884),
('Oklahoma City', 'Oklahoma', 'OK', 'United States', 'US', 681054),
('Boston', 'Massachusetts', 'MA', 'United States', 'US', 675647),
('El Paso', 'Texas', 'TX', 'United States', 'US', 678815),
('Detroit', 'Michigan', 'MI', 'United States', 'US', 639111),
('Las Vegas', 'Nevada', 'NV', 'United States', 'US', 641903),
('Portland', 'Oregon', 'OR', 'United States', 'US', 635067),
('Memphis', 'Tennessee', 'TN', 'United States', 'US', 633104),
('Louisville', 'Kentucky', 'KY', 'United States', 'US', 633045),
('Baltimore', 'Maryland', 'MD', 'United States', 'US', 585708),
('Milwaukee', 'Wisconsin', 'WI', 'United States', 'US', 577222),
('Albuquerque', 'New Mexico', 'NM', 'United States', 'US', 564559),
('Tucson', 'Arizona', 'AZ', 'United States', 'US', 542629),
('Fresno', 'California', 'CA', 'United States', 'US', 542107),
('Sacramento', 'California', 'CA', 'United States', 'US', 524943),
('Kansas City', 'Missouri', 'MO', 'United States', 'US', 508090),
-- Medium Cities (200k-500k)
('Atlanta', 'Georgia', 'GA', 'United States', 'US', 499127),
('Colorado Springs', 'Colorado', 'CO', 'United States', 'US', 478961),
('Omaha', 'Nebraska', 'NE', 'United States', 'US', 486051),
('Raleigh', 'North Carolina', 'NC', 'United States', 'US', 467665),
('Long Beach', 'California', 'CA', 'United States', 'US', 466742),
('Virginia Beach', 'Virginia', 'VA', 'United States', 'US', 459470),
('Miami', 'Florida', 'FL', 'United States', 'US', 442241),
('Oakland', 'California', 'CA', 'United States', 'US', 430553),
('Minneapolis', 'Minnesota', 'MN', 'United States', 'US', 425336),
('Tulsa', 'Oklahoma', 'OK', 'United States', 'US', 413066),
('Bakersfield', 'California', 'CA', 'United States', 'US', 403455),
('Wichita', 'Kansas', 'KS', 'United States', 'US', 397532),
('Arlington', 'Texas', 'TX', 'United States', 'US', 394266),
('Tampa', 'Florida', 'FL', 'United States', 'US', 387050),
('New Orleans', 'Louisiana', 'LA', 'United States', 'US', 383997),
('Cleveland', 'Ohio', 'OH', 'United States', 'US', 372624),
('Honolulu', 'Hawaii', 'HI', 'United States', 'US', 350395),
('Anaheim', 'California', 'CA', 'United States', 'US', 350365),
('Aurora', 'Colorado', 'CO', 'United States', 'US', 386261),
('Santa Ana', 'California', 'CA', 'United States', 'US', 310227),
('St. Louis', 'Missouri', 'MO', 'United States', 'US', 301578),
('Riverside', 'California', 'CA', 'United States', 'US', 314998),
('Corpus Christi', 'Texas', 'TX', 'United States', 'US', 326586),
('Lexington', 'Kentucky', 'KY', 'United States', 'US', 322570),
('Pittsburgh', 'Pennsylvania', 'PA', 'United States', 'US', 302971),
('Anchorage', 'Alaska', 'AK', 'United States', 'US', 291247),
('Stockton', 'California', 'CA', 'United States', 'US', 320804),
('Cincinnati', 'Ohio', 'OH', 'United States', 'US', 309317),
('St. Paul', 'Minnesota', 'MN', 'United States', 'US', 311527),
('Toledo', 'Ohio', 'OH', 'United States', 'US', 270871),
('Newark', 'New Jersey', 'NJ', 'United States', 'US', 311549),
('Greensboro', 'North Carolina', 'NC', 'United States', 'US', 299035),
('Plano', 'Texas', 'TX', 'United States', 'US', 285494),
('Henderson', 'Nevada', 'NV', 'United States', 'US', 320189),
('Lincoln', 'Nebraska', 'NE', 'United States', 'US', 291082),
('Buffalo', 'New York', 'NY', 'United States', 'US', 278349),
('Jersey City', 'New Jersey', 'NJ', 'United States', 'US', 292449),
('Chula Vista', 'California', 'CA', 'United States', 'US', 275487),
('Fort Wayne', 'Indiana', 'IN', 'United States', 'US', 263886),
('Orlando', 'Florida', 'FL', 'United States', 'US', 307573),
('St. Petersburg', 'Florida', 'FL', 'United States', 'US', 258308),
('Chandler', 'Arizona', 'AZ', 'United States', 'US', 275987),
('Laredo', 'Texas', 'TX', 'United States', 'US', 255205),
('Norfolk', 'Virginia', 'VA', 'United States', 'US', 238005),
('Durham', 'North Carolina', 'NC', 'United States', 'US', 283506),
('Madison', 'Wisconsin', 'WI', 'United States', 'US', 269840),
('Lubbock', 'Texas', 'TX', 'United States', 'US', 263930),
('Irvine', 'California', 'CA', 'United States', 'US', 307670),
('Winston-Salem', 'North Carolina', 'NC', 'United States', 'US', 249545),
('Glendale', 'Arizona', 'AZ', 'United States', 'US', 248325),
('Garland', 'Texas', 'TX', 'United States', 'US', 239928),
('Hialeah', 'Florida', 'FL', 'United States', 'US', 223109),
('Reno', 'Nevada', 'NV', 'United States', 'US', 264165),
('Chesapeake', 'Virginia', 'VA', 'United States', 'US', 249422),
('Gilbert', 'Arizona', 'AZ', 'United States', 'US', 267918),
('Baton Rouge', 'Louisiana', 'LA', 'United States', 'US', 225374),
('Irving', 'Texas', 'TX', 'United States', 'US', 256684),
('Scottsdale', 'Arizona', 'AZ', 'United States', 'US', 241361),
('North Las Vegas', 'Nevada', 'NV', 'United States', 'US', 262527),
('Fremont', 'California', 'CA', 'United States', 'US', 230504),
('Boise', 'Idaho', 'ID', 'United States', 'US', 235684),
('Richmond', 'Virginia', 'VA', 'United States', 'US', 226610),
('San Bernardino', 'California', 'CA', 'United States', 'US', 222101),
('Birmingham', 'Alabama', 'AL', 'United States', 'US', 200733),
('Spokane', 'Washington', 'WA', 'United States', 'US', 228989),
('Rochester', 'New York', 'NY', 'United States', 'US', 211328),
('Des Moines', 'Iowa', 'IA', 'United States', 'US', 214133),
('Modesto', 'California', 'CA', 'United States', 'US', 218464),
('Fayetteville', 'North Carolina', 'NC', 'United States', 'US', 208501),
('Tacoma', 'Washington', 'WA', 'United States', 'US', 219346),
('Oxnard', 'California', 'CA', 'United States', 'US', 202063),
('Fontana', 'California', 'CA', 'United States', 'US', 214547),
-- Smaller Cities (100k-200k)
('Moreno Valley', 'California', 'CA', 'United States', 'US', 212477),
('Columbus', 'Georgia', 'GA', 'United States', 'US', 206922),
('Yonkers', 'New York', 'NY', 'United States', 'US', 200370),
('Little Rock', 'Arkansas', 'AR', 'United States', 'US', 202591),
('Glendale', 'California', 'CA', 'United States', 'US', 196543),
('Salt Lake City', 'Utah', 'UT', 'United States', 'US', 199723),
('Worcester', 'Massachusetts', 'MA', 'United States', 'US', 206518),
('Huntsville', 'Alabama', 'AL', 'United States', 'US', 215006),
('Amarillo', 'Texas', 'TX', 'United States', 'US', 199371),
('Tallahassee', 'Florida', 'FL', 'United States', 'US', 196169),
('Grand Rapids', 'Michigan', 'MI', 'United States', 'US', 198917),
('Knoxville', 'Tennessee', 'TN', 'United States', 'US', 190740),
('Worcester', 'Massachusetts', 'MA', 'United States', 'US', 185877),
('Grand Prairie', 'Texas', 'TX', 'United States', 'US', 196100),
('Overland Park', 'Kansas', 'KS', 'United States', 'US', 197238),
('Brownsville', 'Texas', 'TX', 'United States', 'US', 186738),
('Newport News', 'Virginia', 'VA', 'United States', 'US', 186247),
('Santa Clarita', 'California', 'CA', 'United States', 'US', 228673),
('Providence', 'Rhode Island', 'RI', 'United States', 'US', 190934),
('Fort Lauderdale', 'Florida', 'FL', 'United States', 'US', 182760),
('Chattanooga', 'Tennessee', 'TN', 'United States', 'US', 181099),
('Tempe', 'Arizona', 'AZ', 'United States', 'US', 180587),
('Oceanside', 'California', 'CA', 'United States', 'US', 176193),
('Garden Grove', 'California', 'CA', 'United States', 'US', 172646),
('Rancho Cucamonga', 'California', 'CA', 'United States', 'US', 177751),
('Cape Coral', 'Florida', 'FL', 'United States', 'US', 194495),
('Santa Rosa', 'California', 'CA', 'United States', 'US', 178127),
('Port St. Lucie', 'Florida', 'FL', 'United States', 'US', 204851),
('Ontario', 'California', 'CA', 'United States', 'US', 175265),
('Vancouver', 'Washington', 'WA', 'United States', 'US', 190915),
('Springfield', 'Missouri', 'MO', 'United States', 'US', 169176),
('Pembroke Pines', 'Florida', 'FL', 'United States', 'US', 171178),
('Salem', 'Oregon', 'OR', 'United States', 'US', 175535),
('Elk Grove', 'California', 'CA', 'United States', 'US', 176124),
('Corona', 'California', 'CA', 'United States', 'US', 157136),
('Eugene', 'Oregon', 'OR', 'United States', 'US', 176654),
('Peoria', 'Arizona', 'AZ', 'United States', 'US', 190985),
('McKinney', 'Texas', 'TX', 'United States', 'US', 199177),
('Cary', 'North Carolina', 'NC', 'United States', 'US', 174721),
('Springfield', 'Massachusetts', 'MA', 'United States', 'US', 155032),
('Hayward', 'California', 'CA', 'United States', 'US', 162954),
('Lancaster', 'California', 'CA', 'United States', 'US', 173516),
('Alexandria', 'Virginia', 'VA', 'United States', 'US', 159467),
('Salinas', 'California', 'CA', 'United States', 'US', 163542),
('Palmdale', 'California', 'CA', 'United States', 'US', 169450),
('Lakewood', 'Colorado', 'CO', 'United States', 'US', 155984),
('Sunnyvale', 'California', 'CA', 'United States', 'US', 155805),
('Hollywood', 'Florida', 'FL', 'United States', 'US', 153627),
('Pasadena', 'Texas', 'TX', 'United States', 'US', 151227),
('Clarksville', 'Tennessee', 'TN', 'United States', 'US', 166722),
('Pomona', 'California', 'CA', 'United States', 'US', 151713),
('Escondido', 'California', 'CA', 'United States', 'US', 151038),
('Kansas City', 'Kansas', 'KS', 'United States', 'US', 156607),
('Joliet', 'Illinois', 'IL', 'United States', 'US', 150362),
('Naperville', 'Illinois', 'IL', 'United States', 'US', 149540),
('Rockford', 'Illinois', 'IL', 'United States', 'US', 148655),
('Torrance', 'California', 'CA', 'United States', 'US', 143592),
('Bridgeport', 'Connecticut', 'CT', 'United States', 'US', 148654),
('Paterson', 'New Jersey', 'NJ', 'United States', 'US', 159732),
('Savannah', 'Georgia', 'GA', 'United States', 'US', 147780),
('Mesquite', 'Texas', 'TX', 'United States', 'US', 150108),
('Syracuse', 'New York', 'NY', 'United States', 'US', 148620),
('McAllen', 'Texas', 'TX', 'United States', 'US', 142210),
('Pasadena', 'California', 'CA', 'United States', 'US', 138699),
('Orange', 'California', 'CA', 'United States', 'US', 139911),
('Fullerton', 'California', 'CA', 'United States', 'US', 139640),
('Dayton', 'Ohio', 'OH', 'United States', 'US', 137644),
('Miramar', 'Florida', 'FL', 'United States', 'US', 134721),
('Olathe', 'Kansas', 'KS', 'United States', 'US', 141290),
('Thornton', 'Colorado', 'CO', 'United States', 'US', 141867),
('Roseville', 'California', 'CA', 'United States', 'US', 147773),
('Bellevue', 'Washington', 'WA', 'United States', 'US', 151854),
('Waco', 'Texas', 'TX', 'United States', 'US', 138486),
('Surprise', 'Arizona', 'AZ', 'United States', 'US', 143148),
('Denton', 'Texas', 'TX', 'United States', 'US', 139869),
('Carrollton', 'Texas', 'TX', 'United States', 'US', 133434),
('Midland', 'Texas', 'TX', 'United States', 'US', 132950),
('Coral Springs', 'Florida', 'FL', 'United States', 'US', 134394),
('Frisco', 'Texas', 'TX', 'United States', 'US', 200490),
('Sterling Heights', 'Michigan', 'MI', 'United States', 'US', 134346),
('New Haven', 'Connecticut', 'CT', 'United States', 'US', 134023),
('Thousand Oaks', 'California', 'CA', 'United States', 'US', 126966),
('Cedar Rapids', 'Iowa', 'IA', 'United States', 'US', 137710),
('Elizabeth', 'New Jersey', 'NJ', 'United States', 'US', 137298),
('Hartford', 'Connecticut', 'CT', 'United States', 'US', 121054),
('Visalia', 'California', 'CA', 'United States', 'US', 141384),
('Stamford', 'Connecticut', 'CT', 'United States', 'US', 135470),
('Concord', 'California', 'CA', 'United States', 'US', 129295),
('Simi Valley', 'California', 'CA', 'United States', 'US', 126871),
('Topeka', 'Kansas', 'KS', 'United States', 'US', 126587),
('Norman', 'Oklahoma', 'OK', 'United States', 'US', 128026),
('Lafayette', 'Louisiana', 'LA', 'United States', 'US', 126185),
('Victorville', 'California', 'CA', 'United States', 'US', 134810),
('Kent', 'Washington', 'WA', 'United States', 'US', 136588),
('Santa Clara', 'California', 'CA', 'United States', 'US', 127647),
('Abilene', 'Texas', 'TX', 'United States', 'US', 123420),
('Athens', 'Georgia', 'GA', 'United States', 'US', 127315),
('Vallejo', 'California', 'CA', 'United States', 'US', 121253),
('Allentown', 'Pennsylvania', 'PA', 'United States', 'US', 125845),
('Evansville', 'Indiana', 'IN', 'United States', 'US', 117298),
('Pearland', 'Texas', 'TX', 'United States', 'US', 125828),
('Beaumont', 'Texas', 'TX', 'United States', 'US', 115282),
('Independence', 'Missouri', 'MO', 'United States', 'US', 123011),
('Springfield', 'Illinois', 'IL', 'United States', 'US', 114394),
('Ann Arbor', 'Michigan', 'MI', 'United States', 'US', 123851),
('Provo', 'Utah', 'UT', 'United States', 'US', 115162),
('El Monte', 'California', 'CA', 'United States', 'US', 113475),
('Peoria', 'Illinois', 'IL', 'United States', 'US', 113150),
('Lansing', 'Michigan', 'MI', 'United States', 'US', 112644),
('Odessa', 'Texas', 'TX', 'United States', 'US', 114428),
('Downey', 'California', 'CA', 'United States', 'US', 111126),
('Wilmington', 'North Carolina', 'NC', 'United States', 'US', 115451),
('Costa Mesa', 'California', 'CA', 'United States', 'US', 112174),
('Inglewood', 'California', 'CA', 'United States', 'US', 107762),
('Miami Gardens', 'Florida', 'FL', 'United States', 'US', 111640),
('Carlsbad', 'California', 'CA', 'United States', 'US', 114746),
('San Buenaventura', 'California', 'CA', 'United States', 'US', 109106),
('Fairfield', 'California', 'CA', 'United States', 'US', 119881),
('West Valley City', 'Utah', 'UT', 'United States', 'US', 140230),
('Murfreesboro', 'Tennessee', 'TN', 'United States', 'US', 152769),
('High Point', 'North Carolina', 'NC', 'United States', 'US', 114059),
('Round Rock', 'Texas', 'TX', 'United States', 'US', 128739),
('Billings', 'Montana', 'MT', 'United States', 'US', 117116),
('West Covina', 'California', 'CA', 'United States', 'US', 106098),
('Murrieta', 'California', 'CA', 'United States', 'US', 113326),
('Berkeley', 'California', 'CA', 'United States', 'US', 124321),
('Richardson', 'Texas', 'TX', 'United States', 'US', 119469),
('Clearwater', 'Florida', 'FL', 'United States', 'US', 117295),
('Pueblo', 'Colorado', 'CO', 'United States', 'US', 111876),
('West Jordan', 'Utah', 'UT', 'United States', 'US', 116961),
('League City', 'Texas', 'TX', 'United States', 'US', 115595),
('San Leandro', 'California', 'CA', 'United States', 'US', 91479),
('Menifee', 'California', 'CA', 'United States', 'US', 102527),
('Elgin', 'Illinois', 'IL', 'United States', 'US', 114797),
('Norwalk', 'California', 'CA', 'United States', 'US', 105549),
('Antioch', 'California', 'CA', 'United States', 'US', 115291),
('Temecula', 'California', 'CA', 'United States', 'US', 110003),
('Waterbury', 'Connecticut', 'CT', 'United States', 'US', 114403),
('Gresham', 'Oregon', 'OR', 'United States', 'US', 114247),
('Burbank', 'California', 'CA', 'United States', 'US', 107337),
('Everett', 'Washington', 'WA', 'United States', 'US', 110629),
('Centennial', 'Colorado', 'CO', 'United States', 'US', 108418),
('Arvada', 'Colorado', 'CO', 'United States', 'US', 124402),
('Lowell', 'Massachusetts', 'MA', 'United States', 'US', 115554),
('El Cajon', 'California', 'CA', 'United States', 'US', 106215),
('Westminster', 'Colorado', 'CO', 'United States', 'US', 116317),
('South Bend', 'Indiana', 'IN', 'United States', 'US', 103453),
('Las Cruces', 'New Mexico', 'NM', 'United States', 'US', 111385),
('Rialto', 'California', 'CA', 'United States', 'US', 104026),
('Manchester', 'New Hampshire', 'NH', 'United States', 'US', 115644),
('Lakeland', 'Florida', 'FL', 'United States', 'US', 112641),
('Clovis', 'California', 'CA', 'United States', 'US', 120124),
('Sandy Springs', 'Georgia', 'GA', 'United States', 'US', 108080),
('Lewisville', 'Texas', 'TX', 'United States', 'US', 111822),
('Ventura', 'California', 'CA', 'United States', 'US', 109106),
('Davie', 'Florida', 'FL', 'United States', 'US', 105691),
('Greeley', 'Colorado', 'CO', 'United States', 'US', 108795),
('Hillsboro', 'Oregon', 'OR', 'United States', 'US', 106894),
('Nampa', 'Idaho', 'ID', 'United States', 'US', 100200),
('Edinburg', 'Texas', 'TX', 'United States', 'US', 101170)
ON CONFLICT (city_name, state_province_code, country_code) DO UPDATE SET
  population = EXCLUDED.population,
  updated_at = NOW();
